{
  "101": {
    "id": "1",
    "regulation_id": 101,
    "name": "IDS_REGURATION_NAME_101",
    "icon": "RegulationLogoEvent",
    "enable_room": "0"
  },
  "102": {
    "id": "2",
    "regulation_id": 102,
    "name": "IDS_REGURATION_NAME_102",
    "icon": "RegulationLogoEvent",
    "enable_room": "0"
  },
  "104": {
    "id": "3",
    "regulation_id": 104,
    "name": "IDS_EXHIBITION_REG_003",
    "icon": "RegulationLogoEvent",
    "enable_room": "0"
  },
  "106": {
    "id": "4",
    "regulation_id": 106,
    "name": "IDS_EXHIBITION_REG_011",
    "icon": "RegulationLogoEvent",
    "enable_room": "0"
  },
  "8": {
    "id": "5",
    "regulation_id": 8,
    "name": "IDS_CARDMENU_REGULATION_UNLIMITED",
    "icon": "RegulationLogoUnlimited",
    "enable_room": "0"
  },
  "107": {
    "id": "6",
    "regulation_id": 107,
    "name": "IDS_EXHIBITION_REG_012",
    "icon": "RegulationLogoEvent",
    "enable_room": "0"
  },
  "108": {
    "id": "7",
    "regulation_id": 108,
    "name": "IDS_RANKEVENT_REG_001",
    "icon": "RegulationLogoEvent",
    "enable_room": "0"
  },
  "109": {
    "id": "8",
    "regulation_id": 109,
    "name": "IDS_EXHIBITION_REG_013",
    "icon": "RegulationLogoEvent",
    "enable_room": "0"
  },
  "10": {
    "id": "9",
    "regulation_id": 1026,
    "name": "IDS_CARDMENU_REGULATION_NORMAL",
    "icon": "RegulationLogoStandard",
    "enable_room": "0"
  },
  "110": {
    "id": "110",
    "regulation_id": 110,
    "name": "IDS_EXHIBITION_REG_014",
    "icon": "RegulationLogoEvent",
    "enable_room": "0"
  },
  "111": {
    "id": "111",
    "regulation_id": 111,
    "name": "IDS_EXHIBITION_REG_015",
    "icon": "RegulationLogoEvent",
    "enable_room": "0"
  },
  "112": {
    "id": "112",
    "regulation_id": 112,
    "name": "IDS_EXHIBITION_REG_016",
    "icon": "RegulationLogoEvent",
    "enable_room": "0"
  },
  "113": {
    "id": "113",
    "regulation_id": 113,
    "name": "IDS_EXHIBITION_REG_017",
    "icon": "RegulationLogoEvent",
    "enable_room": "0"
  },
  "114": {
    "id": "114",
    "regulation_id": 114,
    "name": "IDS_EXHIBITION_REG_018",
    "icon": "RegulationLogoEvent",
    "enable_room": "0"
  },
  "115": {
    "id": "115",
    "regulation_id": 115,
    "name": "IDS_EXHIBITION_REG_019",
    "icon": "RegulationLogoEvent",
    "enable_room": "0"
  },
  "116": {
    "id": "116",
    "regulation_id": 116,
    "name": "IDS_REGULATION_NAME_VERSUS_001_1",
    "icon": "RegulationLogoEvent",
    "enable_room": "0"
  },
  "117": {
    "id": "117",
    "regulation_id": 117,
    "name": "IDS_REGULATION_NAME_VERSUS_001_2",
    "icon": "RegulationLogoEvent",
    "enable_room": "0"
  },
  "118": {
    "id": "118",
    "regulation_id": 118,
    "name": "IDS_DUELTRIAL_REG_006",
    "icon": "RegulationLogoEvent",
    "enable_room": "0"
  },
  "119": {
    "id": "119",
    "regulation_id": 119,
    "name": "IDS_EXHIBITION_REG_020",
    "icon": "RegulationLogoEvent",
    "enable_room": "0"
  },
  "120": {
    "id": "120",
    "regulation_id": 120,
    "name": "IDS_EXHIBITION_REG_021",
    "icon": "RegulationLogoEvent",
    "enable_room": "0"
  },
  "121": {
    "id": "121",
    "regulation_id": 121,
    "name": "IDS_EXHIBITION_REG_022",
    "icon": "RegulationLogoEvent",
    "enable_room": "0"
  },
  "122": {
    "id": "122",
    "regulation_id": 122,
    "name": "IDS_EXHIBITION_REG_015",
    "icon": "RegulationLogoEvent",
    "enable_room": "0"
  },
  "123": {
    "id": "123",
    "regulation_id": 123,
    "name": "IDS_DUELTRIAL_SUB_REG_013",
    "icon": "RegulationLogoEvent",
    "enable_room": "0"
  },
  "124": {
    "id": "124",
    "regulation_id": 124,
    "name": "IDS_EXHIBITION_REG_023",
    "icon": "RegulationLogoEvent",
    "enable_room": "0"
  },
  "125": {
    "id": "125",
    "regulation_id": 125,
    "name": "IDS_EXHIBITION_REG_024",
    "icon": "RegulationLogoEvent",
    "enable_room": "0"
  },
  "126": {
    "id": "126",
    "regulation_id": 126,
    "name": "IDS_DUELTRIAL_SUB_REG_014",
    "icon": "RegulationLogoEvent",
    "enable_room": "0"
  },
  "127": {
    "id": "127",
    "regulation_id": 127,
    "name": "IDS_REGULATION_NAME_VERSUS_002_1",
    "icon": "RegulationLogoEvent",
    "enable_room": "0"
  },
  "128": {
    "id": "128",
    "regulation_id": 128,
    "name": "IDS_REGULATION_NAME_VERSUS_002_2",
    "icon": "RegulationLogoEvent",
    "enable_room": "0"
  },
  "129": {
    "id": "129",
    "regulation_id": 129,
    "name": "IDS_REGULATION_NAME_VERSUS_002_3",
    "icon": "RegulationLogoEvent",
    "enable_room": "0"
  },
  "130": {
    "id": "130",
    "regulation_id": 130,
    "name": "IDS_EXHIBITION_REG_025",
    "icon": "RegulationLogoEvent",
    "enable_room": "0"
  },
  "131": {
    "id": "131",
    "regulation_id": 131,
    "name": "IDS_EXHIBITION_REG_011",
    "icon": "RegulationLogoEvent",
    "enable_room": "0"
  },
  "132": {
    "id": "132",
    "regulation_id": 132,
    "name": "IDS_DUELTRIAL_SUB_REG_018",
    "icon": "RegulationLogoEvent",
    "enable_room": "0"
  },
  "133": {
    "id": "133",
    "regulation_id": 133,
    "name": "IDS_EXHIBITION_REG_026",
    "icon": "RegulationLogoEvent",
    "enable_room": "0"
  },
  "1002": {
    "id": "1002",
    "regulation_id": 1026,
    "name": "IDS_CARDMENU_REGULATION_NORMAL",
    "icon": "RegulationLogoStandard",
    "enable_room": "0"
  },
  "1003": {
    "id": "1003",
    "regulation_id": 1026,
    "name": "IDS_CARDMENU_REGULATION_NORMAL",
    "icon": "RegulationLogoStandard",
    "enable_room": "0"
  },
  "1004": {
    "id": "1004",
    "regulation_id": 1026,
    "name": "IDS_CARDMENU_REGULATION_NORMAL",
    "icon": "RegulationLogoStandard",
    "enable_room": "0"
  },
  "1005": {
    "id": "1005",
    "regulation_id": 1026,
    "name": "IDS_CARDMENU_REGULATION_NORMAL",
    "icon": "RegulationLogoStandard",
    "enable_room": "0"
  },
  "1006": {
    "id": "1006",
    "regulation_id": 1026,
    "name": "IDS_CARDMENU_REGULATION_NORMAL",
    "icon": "RegulationLogoStandard",
    "enable_room": "0"
  },
  "1007": {
    "id": "1007",
    "regulation_id": 1026,
    "name": "IDS_CARDMENU_REGULATION_NORMAL",
    "icon": "RegulationLogoStandard",
    "enable_room": "0"
  },
  "1008": {
    "id": "1008",
    "regulation_id": 1026,
    "name": "IDS_CARDMENU_REGULATION_NORMAL",
    "icon": "RegulationLogoStandard",
    "enable_room": "0"
  },
  "1009": {
    "id": "1009",
    "regulation_id": 1026,
    "name": "IDS_CARDMENU_REGULATION_NORMAL",
    "icon": "RegulationLogoStandard",
    "enable_room": "0"
  },
  "1010": {
    "id": "1010",
    "regulation_id": 1026,
    "name": "IDS_CARDMENU_REGULATION_NORMAL",
    "icon": "RegulationLogoStandard",
    "enable_room": "0"
  },
  "1011": {
    "id": "1011",
    "regulation_id": 1026,
    "name": "IDS_CARDMENU_REGULATION_NORMAL",
    "icon": "RegulationLogoStandard",
    "enable_room": "0"
  },
  "1012": {
    "id": "1012",
    "regulation_id": 1026,
    "name": "IDS_CARDMENU_REGULATION_NORMAL",
    "icon": "RegulationLogoStandard",
    "enable_room": "0"
  },
  "1013": {
    "id": "1013",
    "regulation_id": 1026,
    "name": "IDS_CARDMENU_REGULATION_NORMAL",
    "icon": "RegulationLogoStandard",
    "enable_room": "0"
  },
  "1014": {
    "id": "1014",
    "regulation_id": 1026,
    "name": "IDS_CARDMENU_REGULATION_NORMAL",
    "icon": "RegulationLogoStandard",
    "enable_room": "0"
  },
  "1015": {
    "id": "1015",
    "regulation_id": 1026,
    "name": "IDS_CARDMENU_REGULATION_NORMAL",
    "icon": "RegulationLogoStandard",
    "enable_room": "0"
  },
  "1016": {
    "id": "1016",
    "regulation_id": 1026,
    "name": "IDS_CARDMENU_REGULATION_NORMAL",
    "icon": "RegulationLogoStandard",
    "enable_room": "0"
  },
  "1017": {
    "id": "1017",
    "regulation_id": 1026,
    "name": "IDS_CARDMENU_REGULATION_NORMAL",
    "icon": "RegulationLogoStandard",
    "enable_room": "0"
  },
  "1018": {
    "id": "1018",
    "regulation_id": 1026,
    "name": "IDS_CARDMENU_REGULATION_NORMAL",
    "icon": "RegulationLogoStandard",
    "enable_room": "0"
  },
  "1019": {
    "id": "1019",
    "regulation_id": 1026,
    "name": "IDS_CARDMENU_REGULATION_NORMAL",
    "icon": "RegulationLogoStandard",
    "enable_room": "0"
  },
  "1020": {
    "id": "1020",
    "regulation_id": 1026,
    "name": "IDS_CARDMENU_REGULATION_NORMAL",
    "icon": "RegulationLogoStandard",
    "enable_room": "0"
  },
  "1021": {
    "id": "1021",
    "regulation_id": 1026,
    "name": "IDS_CARDMENU_REGULATION_NORMAL",
    "icon": "RegulationLogoStandard",
    "enable_room": "0"
  },
  "1022": {
    "id": "1022",
    "regulation_id": 1026,
    "name": "IDS_CARDMENU_REGULATION_NORMAL",
    "icon": "RegulationLogoStandard",
    "enable_room": "0"
  },
  "1023": {
    "id": "1023",
    "regulation_id": 1026,
    "name": "IDS_CARDMENU_REGULATION_NORMAL",
    "icon": "RegulationLogoStandard",
    "enable_room": "0"
  },
  "1024": {
    "id": "1024",
    "regulation_id": 1026,
    "name": "IDS_CARDMENU_REGULATION_NORMAL",
    "icon": "RegulationLogoStandard",
    "enable_room": "0"
  },
  "1025": {
    "id": "1025",
    "regulation_id": 1026,
    "name": "IDS_CARDMENU_REGULATION_NORMAL",
    "icon": "RegulationLogoStandard",
    "enable_room": "0"
  },
  "1026": {
    "id": "1026",
    "regulation_id": 1026,
    "name": "IDS_CARDMENU_REGULATION_NORMAL",
    "icon": "RegulationLogoStandard",
    "enable_room": "1"
  },
  "2001": {
    "id": "2001",
    "regulation_id": 2026,
    "name": "IDS_REGULATION_FUSION",
    "icon": "RegulationLogoFusion",
    "enable_room": "0"
  },
  "2002": {
    "id": "2002",
    "regulation_id": 2026,
    "name": "IDS_REGULATION_FUSION",
    "icon": "RegulationLogoFusion",
    "enable_room": "0"
  },
  "2003": {
    "id": "2003",
    "regulation_id": 2026,
    "name": "IDS_REGULATION_FUSION",
    "icon": "RegulationLogoFusion",
    "enable_room": "0"
  },
  "2004": {
    "id": "2004",
    "regulation_id": 2026,
    "name": "IDS_REGULATION_FUSION",
    "icon": "RegulationLogoFusion",
    "enable_room": "0"
  },
  "2005": {
    "id": "2005",
    "regulation_id": 2026,
    "name": "IDS_REGULATION_FUSION",
    "icon": "RegulationLogoFusion",
    "enable_room": "0"
  },
  "2006": {
    "id": "2006",
    "regulation_id": 2026,
    "name": "IDS_REGULATION_FUSION",
    "icon": "RegulationLogoFusion",
    "enable_room": "0"
  },
  "2007": {
    "id": "2007",
    "regulation_id": 2026,
    "name": "IDS_REGULATION_FUSION",
    "icon": "RegulationLogoFusion",
    "enable_room": "0"
  },
  "2008": {
    "id": "2008",
    "regulation_id": 2026,
    "name": "IDS_REGULATION_FUSION",
    "icon": "RegulationLogoFusion",
    "enable_room": "0"
  },
  "2009": {
    "id": "2009",
    "regulation_id": 2026,
    "name": "IDS_REGULATION_FUSION",
    "icon": "RegulationLogoFusion",
    "enable_room": "0"
  },
  "2010": {
    "id": "2010",
    "regulation_id": 2026,
    "name": "IDS_REGULATION_FUSION",
    "icon": "RegulationLogoFusion",
    "enable_room": "0"
  },
  "2011": {
    "id": "2011",
    "regulation_id": 2026,
    "name": "IDS_REGULATION_FUSION",
    "icon": "RegulationLogoFusion",
    "enable_room": "0"
  },
  "2012": {
    "id": "2012",
    "regulation_id": 2026,
    "name": "IDS_REGULATION_FUSION",
    "icon": "RegulationLogoFusion",
    "enable_room": "0"
  },
  "2013": {
    "id": "2013",
    "regulation_id": 2026,
    "name": "IDS_REGULATION_FUSION",
    "icon": "RegulationLogoFusion",
    "enable_room": "0"
  },
  "2014": {
    "id": "2014",
    "regulation_id": 2026,
    "name": "IDS_REGULATION_FUSION",
    "icon": "RegulationLogoFusion",
    "enable_room": "0"
  },
  "2015": {
    "id": "2015",
    "regulation_id": 2026,
    "name": "IDS_REGULATION_FUSION",
    "icon": "RegulationLogoFusion",
    "enable_room": "0"
  },
  "2016": {
    "id": "2016",
    "regulation_id": 2026,
    "name": "IDS_REGULATION_FUSION",
    "icon": "RegulationLogoFusion",
    "enable_room": "0"
  },
  "2017": {
    "id": "2017",
    "regulation_id": 2026,
    "name": "IDS_REGULATION_FUSION",
    "icon": "RegulationLogoFusion",
    "enable_room": "0"
  },
  "2018": {
    "id": "2018",
    "regulation_id": 2026,
    "name": "IDS_REGULATION_FUSION",
    "icon": "RegulationLogoFusion",
    "enable_room": "0"
  },
  "2019": {
    "id": "2019",
    "regulation_id": 2026,
    "name": "IDS_REGULATION_FUSION",
    "icon": "RegulationLogoFusion",
    "enable_room": "0"
  },
  "2020": {
    "id": "2020",
    "regulation_id": 2026,
    "name": "IDS_REGULATION_FUSION",
    "icon": "RegulationLogoFusion",
    "enable_room": "0"
  },
  "2021": {
    "id": "2021",
    "regulation_id": 2026,
    "name": "IDS_REGULATION_FUSION",
    "icon": "RegulationLogoFusion",
    "enable_room": "0"
  },
  "2022": {
    "id": "2022",
    "regulation_id": 2026,
    "name": "IDS_REGULATION_FUSION",
    "icon": "RegulationLogoFusion",
    "enable_room": "0"
  },
  "2023": {
    "id": "2023",
    "regulation_id": 2026,
    "name": "IDS_REGULATION_FUSION",
    "icon": "RegulationLogoFusion",
    "enable_room": "0"
  },
  "2024": {
    "id": "2024",
    "regulation_id": 2026,
    "name": "IDS_REGULATION_FUSION",
    "icon": "RegulationLogoFusion",
    "enable_room": "0"
  },
  "2025": {
    "id": "2025",
    "regulation_id": 2026,
    "name": "IDS_REGULATION_FUSION",
    "icon": "RegulationLogoFusion",
    "enable_room": "0"
  },
  "2026": {
    "id": "2026",
    "regulation_id": 2026,
    "name": "IDS_REGULATION_FUSION",
    "icon": "RegulationLogoFusion",
    "enable_room": "1"
  },
  "3001": {
    "id": "3001",
    "regulation_id": 3026,
    "name": "IDS_REGULATION_SYNCHRO",
    "icon": "RegulationLogoSynchro",
    "enable_room": "0"
  },
  "3002": {
    "id": "3002",
    "regulation_id": 3026,
    "name": "IDS_REGULATION_SYNCHRO",
    "icon": "RegulationLogoSynchro",
    "enable_room": "0"
  },
  "3003": {
    "id": "3003",
    "regulation_id": 3026,
    "name": "IDS_REGULATION_SYNCHRO",
    "icon": "RegulationLogoSynchro",
    "enable_room": "0"
  },
  "3004": {
    "id": "3004",
    "regulation_id": 3026,
    "name": "IDS_REGULATION_SYNCHRO",
    "icon": "RegulationLogoSynchro",
    "enable_room": "0"
  },
  "3005": {
    "id": "3005",
    "regulation_id": 3026,
    "name": "IDS_REGULATION_SYNCHRO",
    "icon": "RegulationLogoSynchro",
    "enable_room": "0"
  },
  "3006": {
    "id": "3006",
    "regulation_id": 3026,
    "name": "IDS_REGULATION_SYNCHRO",
    "icon": "RegulationLogoSynchro",
    "enable_room": "0"
  },
  "3007": {
    "id": "3007",
    "regulation_id": 3026,
    "name": "IDS_REGULATION_SYNCHRO",
    "icon": "RegulationLogoSynchro",
    "enable_room": "0"
  },
  "3008": {
    "id": "3008",
    "regulation_id": 3026,
    "name": "IDS_REGULATION_SYNCHRO",
    "icon": "RegulationLogoSynchro",
    "enable_room": "0"
  },
  "3009": {
    "id": "3009",
    "regulation_id": 3026,
    "name": "IDS_REGULATION_SYNCHRO",
    "icon": "RegulationLogoSynchro",
    "enable_room": "0"
  },
  "3010": {
    "id": "3010",
    "regulation_id": 3026,
    "name": "IDS_REGULATION_SYNCHRO",
    "icon": "RegulationLogoSynchro",
    "enable_room": "0"
  },
  "3011": {
    "id": "3011",
    "regulation_id": 3026,
    "name": "IDS_REGULATION_SYNCHRO",
    "icon": "RegulationLogoSynchro",
    "enable_room": "0"
  },
  "3012": {
    "id": "3012",
    "regulation_id": 3026,
    "name": "IDS_REGULATION_SYNCHRO",
    "icon": "RegulationLogoSynchro",
    "enable_room": "0"
  },
  "3013": {
    "id": "3013",
    "regulation_id": 3026,
    "name": "IDS_REGULATION_SYNCHRO",
    "icon": "RegulationLogoSynchro",
    "enable_room": "0"
  },
  "3014": {
    "id": "3014",
    "regulation_id": 3026,
    "name": "IDS_REGULATION_SYNCHRO",
    "icon": "RegulationLogoSynchro",
    "enable_room": "0"
  },
  "3015": {
    "id": "3015",
    "regulation_id": 3026,
    "name": "IDS_REGULATION_SYNCHRO",
    "icon": "RegulationLogoSynchro",
    "enable_room": "0"
  },
  "3016": {
    "id": "3016",
    "regulation_id": 3026,
    "name": "IDS_REGULATION_SYNCHRO",
    "icon": "RegulationLogoSynchro",
    "enable_room": "0"
  },
  "3017": {
    "id": "3017",
    "regulation_id": 3026,
    "name": "IDS_REGULATION_SYNCHRO",
    "icon": "RegulationLogoSynchro",
    "enable_room": "0"
  },
  "3018": {
    "id": "3018",
    "regulation_id": 3026,
    "name": "IDS_REGULATION_SYNCHRO",
    "icon": "RegulationLogoSynchro",
    "enable_room": "0"
  },
  "3019": {
    "id": "3019",
    "regulation_id": 3026,
    "name": "IDS_REGULATION_SYNCHRO",
    "icon": "RegulationLogoSynchro",
    "enable_room": "0"
  },
  "3020": {
    "id": "3020",
    "regulation_id": 3026,
    "name": "IDS_REGULATION_SYNCHRO",
    "icon": "RegulationLogoSynchro",
    "enable_room": "0"
  },
  "3021": {
    "id": "3021",
    "regulation_id": 3026,
    "name": "IDS_REGULATION_SYNCHRO",
    "icon": "RegulationLogoSynchro",
    "enable_room": "0"
  },
  "3022": {
    "id": "3022",
    "regulation_id": 3026,
    "name": "IDS_REGULATION_SYNCHRO",
    "icon": "RegulationLogoSynchro",
    "enable_room": "0"
  },
  "3023": {
    "id": "3023",
    "regulation_id": 3026,
    "name": "IDS_REGULATION_SYNCHRO",
    "icon": "RegulationLogoSynchro",
    "enable_room": "0"
  },
  "3024": {
    "id": "3024",
    "regulation_id": 3026,
    "name": "IDS_REGULATION_SYNCHRO",
    "icon": "RegulationLogoSynchro",
    "enable_room": "0"
  },
  "3025": {
    "id": "3025",
    "regulation_id": 3026,
    "name": "IDS_REGULATION_SYNCHRO",
    "icon": "RegulationLogoSynchro",
    "enable_room": "0"
  },
  "3026": {
    "id": "3026",
    "regulation_id": 3026,
    "name": "IDS_REGULATION_SYNCHRO",
    "icon": "RegulationLogoSynchro",
    "enable_room": "1"
  },
  "4001": {
    "id": "4001",
    "regulation_id": 4026,
    "name": "IDS_REGULATION_XYZ",
    "icon": "RegulationLogoXyz",
    "enable_room": "0"
  },
  "4002": {
    "id": "4002",
    "regulation_id": 4026,
    "name": "IDS_REGULATION_XYZ",
    "icon": "RegulationLogoXyz",
    "enable_room": "0"
  },
  "4003": {
    "id": "4003",
    "regulation_id": 4026,
    "name": "IDS_REGULATION_XYZ",
    "icon": "RegulationLogoXyz",
    "enable_room": "0"
  },
  "4004": {
    "id": "4004",
    "regulation_id": 4026,
    "name": "IDS_REGULATION_XYZ",
    "icon": "RegulationLogoXyz",
    "enable_room": "0"
  },
  "4005": {
    "id": "4005",
    "regulation_id": 4026,
    "name": "IDS_REGULATION_XYZ",
    "icon": "RegulationLogoXyz",
    "enable_room": "0"
  },
  "4006": {
    "id": "4006",
    "regulation_id": 4026,
    "name": "IDS_REGULATION_XYZ",
    "icon": "RegulationLogoXyz",
    "enable_room": "0"
  },
  "4007": {
    "id": "4007",
    "regulation_id": 4026,
    "name": "IDS_REGULATION_XYZ",
    "icon": "RegulationLogoXyz",
    "enable_room": "0"
  },
  "4008": {
    "id": "4008",
    "regulation_id": 4026,
    "name": "IDS_REGULATION_XYZ",
    "icon": "RegulationLogoXyz",
    "enable_room": "0"
  },
  "4009": {
    "id": "4009",
    "regulation_id": 4026,
    "name": "IDS_REGULATION_XYZ",
    "icon": "RegulationLogoXyz",
    "enable_room": "0"
  },
  "4010": {
    "id": "4010",
    "regulation_id": 4026,
    "name": "IDS_REGULATION_XYZ",
    "icon": "RegulationLogoXyz",
    "enable_room": "0"
  },
  "4011": {
    "id": "4011",
    "regulation_id": 4026,
    "name": "IDS_REGULATION_XYZ",
    "icon": "RegulationLogoXyz",
    "enable_room": "0"
  },
  "4012": {
    "id": "4012",
    "regulation_id": 4026,
    "name": "IDS_REGULATION_XYZ",
    "icon": "RegulationLogoXyz",
    "enable_room": "0"
  },
  "4013": {
    "id": "4013",
    "regulation_id": 4026,
    "name": "IDS_REGULATION_XYZ",
    "icon": "RegulationLogoXyz",
    "enable_room": "0"
  },
  "4014": {
    "id": "4014",
    "regulation_id": 4026,
    "name": "IDS_REGULATION_XYZ",
    "icon": "RegulationLogoXyz",
    "enable_room": "0"
  },
  "4015": {
    "id": "4015",
    "regulation_id": 4026,
    "name": "IDS_REGULATION_XYZ",
    "icon": "RegulationLogoXyz",
    "enable_room": "0"
  },
  "4016": {
    "id": "4016",
    "regulation_id": 4026,
    "name": "IDS_REGULATION_XYZ",
    "icon": "RegulationLogoXyz",
    "enable_room": "0"
  },
  "4017": {
    "id": "4017",
    "regulation_id": 4026,
    "name": "IDS_REGULATION_XYZ",
    "icon": "RegulationLogoXyz",
    "enable_room": "0"
  },
  "4018": {
    "id": "4018",
    "regulation_id": 4026,
    "name": "IDS_REGULATION_XYZ",
    "icon": "RegulationLogoXyz",
    "enable_room": "0"
  },
  "4019": {
    "id": "4019",
    "regulation_id": 4026,
    "name": "IDS_REGULATION_XYZ",
    "icon": "RegulationLogoXyz",
    "enable_room": "0"
  },
  "4020": {
    "id": "4020",
    "regulation_id": 4026,
    "name": "IDS_REGULATION_XYZ",
    "icon": "RegulationLogoXyz",
    "enable_room": "0"
  },
  "4021": {
    "id": "4021",
    "regulation_id": 4026,
    "name": "IDS_REGULATION_XYZ",
    "icon": "RegulationLogoXyz",
    "enable_room": "0"
  },
  "4022": {
    "id": "4022",
    "regulation_id": 4026,
    "name": "IDS_REGULATION_XYZ",
    "icon": "RegulationLogoXyz",
    "enable_room": "0"
  },
  "4023": {
    "id": "4023",
    "regulation_id": 4026,
    "name": "IDS_REGULATION_XYZ",
    "icon": "RegulationLogoXyz",
    "enable_room": "0"
  },
  "4024": {
    "id": "4024",
    "regulation_id": 4026,
    "name": "IDS_REGULATION_XYZ",
    "icon": "RegulationLogoXyz",
    "enable_room": "0"
  },
  "4025": {
    "id": "4025",
    "regulation_id": 4026,
    "name": "IDS_REGULATION_XYZ",
    "icon": "RegulationLogoXyz",
    "enable_room": "0"
  },
  "4026": {
    "id": "4026",
    "regulation_id": 4026,
    "name": "IDS_REGULATION_XYZ",
    "icon": "RegulationLogoXyz",
    "enable_room": "1"
  },
  "5001": {
    "id": "5001",
    "regulation_id": 5026,
    "name": "IDS_REGULATION_LINK",
    "icon": "RegulationLogoLink",
    "enable_room": "0"
  },
  "5002": {
    "id": "5002",
    "regulation_id": 5026,
    "name": "IDS_REGULATION_LINK",
    "icon": "RegulationLogoLink",
    "enable_room": "0"
  },
  "5003": {
    "id": "5003",
    "regulation_id": 5026,
    "name": "IDS_REGULATION_LINK",
    "icon": "RegulationLogoLink",
    "enable_room": "0"
  },
  "5004": {
    "id": "5004",
    "regulation_id": 5026,
    "name": "IDS_REGULATION_LINK",
    "icon": "RegulationLogoLink",
    "enable_room": "0"
  },
  "5005": {
    "id": "5005",
    "regulation_id": 5026,
    "name": "IDS_REGULATION_LINK",
    "icon": "RegulationLogoLink",
    "enable_room": "0"
  },
  "5006": {
    "id": "5006",
    "regulation_id": 5026,
    "name": "IDS_REGULATION_LINK",
    "icon": "RegulationLogoLink",
    "enable_room": "0"
  },
  "5007": {
    "id": "5007",
    "regulation_id": 5026,
    "name": "IDS_REGULATION_LINK",
    "icon": "RegulationLogoLink",
    "enable_room": "0"
  },
  "5008": {
    "id": "5008",
    "regulation_id": 5026,
    "name": "IDS_REGULATION_LINK",
    "icon": "RegulationLogoLink",
    "enable_room": "0"
  },
  "5009": {
    "id": "5009",
    "regulation_id": 5026,
    "name": "IDS_REGULATION_LINK",
    "icon": "RegulationLogoLink",
    "enable_room": "0"
  },
  "5010": {
    "id": "5010",
    "regulation_id": 5026,
    "name": "IDS_REGULATION_LINK",
    "icon": "RegulationLogoLink",
    "enable_room": "0"
  },
  "5011": {
    "id": "5011",
    "regulation_id": 5026,
    "name": "IDS_REGULATION_LINK",
    "icon": "RegulationLogoLink",
    "enable_room": "0"
  },
  "5012": {
    "id": "5012",
    "regulation_id": 5026,
    "name": "IDS_REGULATION_LINK",
    "icon": "RegulationLogoLink",
    "enable_room": "0"
  },
  "5013": {
    "id": "5013",
    "regulation_id": 5026,
    "name": "IDS_REGULATION_LINK",
    "icon": "RegulationLogoLink",
    "enable_room": "0"
  },
  "5014": {
    "id": "5014",
    "regulation_id": 5026,
    "name": "IDS_REGULATION_LINK",
    "icon": "RegulationLogoLink",
    "enable_room": "0"
  },
  "5015": {
    "id": "5015",
    "regulation_id": 5026,
    "name": "IDS_REGULATION_LINK",
    "icon": "RegulationLogoLink",
    "enable_room": "0"
  },
  "5016": {
    "id": "5016",
    "regulation_id": 5026,
    "name": "IDS_REGULATION_LINK",
    "icon": "RegulationLogoLink",
    "enable_room": "0"
  },
  "5017": {
    "id": "5017",
    "regulation_id": 5026,
    "name": "IDS_REGULATION_LINK",
    "icon": "RegulationLogoLink",
    "enable_room": "0"
  },
  "5018": {
    "id": "5018",
    "regulation_id": 5026,
    "name": "IDS_REGULATION_LINK",
    "icon": "RegulationLogoLink",
    "enable_room": "0"
  },
  "5019": {
    "id": "5019",
    "regulation_id": 5026,
    "name": "IDS_REGULATION_LINK",
    "icon": "RegulationLogoLink",
    "enable_room": "0"
  },
  "5020": {
    "id": "5020",
    "regulation_id": 5026,
    "name": "IDS_REGULATION_LINK",
    "icon": "RegulationLogoLink",
    "enable_room": "0"
  },
  "5021": {
    "id": "5021",
    "regulation_id": 5026,
    "name": "IDS_REGULATION_LINK",
    "icon": "RegulationLogoLink",
    "enable_room": "0"
  },
  "5022": {
    "id": "5022",
    "regulation_id": 5026,
    "name": "IDS_REGULATION_LINK",
    "icon": "RegulationLogoLink",
    "enable_room": "0"
  },
  "5023": {
    "id": "5023",
    "regulation_id": 5026,
    "name": "IDS_REGULATION_LINK",
    "icon": "RegulationLogoLink",
    "enable_room": "0"
  },
  "5024": {
    "id": "5024",
    "regulation_id": 5026,
    "name": "IDS_REGULATION_LINK",
    "icon": "RegulationLogoLink",
    "enable_room": "0"
  },
  "5025": {
    "id": "5025",
    "regulation_id": 5026,
    "name": "IDS_REGULATION_LINK",
    "icon": "RegulationLogoLink",
    "enable_room": "0"
  },
  "5026": {
    "id": "5026",
    "regulation_id": 5026,
    "name": "IDS_REGULATION_LINK",
    "icon": "RegulationLogoLink",
    "enable_room": "1"
  }
}