[
    {"packTypes":[3],"gachaType":3,"cardRateList":[{"start_num":1,"end_num":4,"standard":true,"rate":{"4":{"num":693,"rate":"2.50"},"3":{"num":1508,"rate":"7.50"},"2":{"num":1957,"rate":"35.00"},"1":{"num":2592,"rate":"55.00"}}},{"start_num":5,"end_num":7,"standard":false,"rate":{"4":{"num":5,"rate":"2.50"},"3":{"num":8,"rate":"7.50"},"2":{"num":10,"rate":"35.00"},"1":{"num":14,"rate":"55.00"}}},{"start_num":8,"end_num":8,"standard":false,"settle_rare_min":2,"settle_rare_max":4,"rate":{"4":{"num":5,"rate":"2.50"},"3":{"num":8,"rate":"7.50"},"2":{"num":10,"rate":"90.00"}}},{"start_num":8,"end_num":8,"standard":false,"settle_rare_min":3,"settle_rare_max":4,"rate":{"4":{"num":5,"rate":"20.00"},"3":{"num":8,"rate":"80.00"}}},{"start_num":8,"end_num":8,"standard":false,"settle_rare_min":4,"settle_rare_max":4,"rate":{"4":{"num":5,"rate":"100.00"}}}],"premiereRateList":[{"rare":[4,3],"rate":{"3":"1.00","2":"9.00","1":"90.00"}},{"rare":[2,1],"rate":{"2":"10.00","1":"90.00"}}]},
    {"packTypes":[1,2,4],"gachaType":1,"cardRateList":[{"start_num":1,"end_num":7,"standard":false,"rate":{"4":{"num":693,"rate":"2.50"},"3":{"num":1508,"rate":"7.50"},"2":{"num":1957,"rate":"35.00"},"1":{"num":2592,"rate":"55.00"}}},{"start_num":8,"end_num":8,"standard":false,"settle_rare_min":2,"settle_rare_max":4,"rate":{"4":{"num":693,"rate":"2.50"},"3":{"num":1508,"rate":"7.50"},"2":{"num":1957,"rate":"90.00"}}},{"start_num":8,"end_num":8,"standard":false,"settle_rare_min":3,"settle_rare_max":4,"rate":{"4":{"num":693,"rate":"20.00"},"3":{"num":1508,"rate":"80.00"}}},{"start_num":8,"end_num":8,"standard":false,"settle_rare_min":4,"settle_rare_max":4,"rate":{"4":{"num":693,"rate":"100.00"}}}],"premiereRateList":[{"rare":[4,3],"rate":{"3":"1.00","2":"9.00","1":"90.00"}},{"rare":[2,1],"rate":{"2":"10.00","1":"90.00"}}]}
]