{
    "CustomTextYgoMaster": "YgoMaster",
    "CustomTextError": "Error",
    "CustomTextConfirmation": "Confirmation",
    "CustomTextInfo": "Info",
    "CustomTextOK": "OK",
    "CustomTextDefault": "Default",
    "CustomTextRandom": "Random",
    "CustomTextNone": "None",
    "CustomTextExceptionOccurred": "An exception occurred\n{exception}",
    "CustomTextYes": "Yes",
    "CustomTextNo": "No",
    "CustomTextTrue": "True",
    "CustomTextFalse": "False",
    "CustomTextOn": "On",
    "CustomTextOff": "Off",

    "CustomTextDuelStarterTitle": "Duel Starter",
    "CustomTextDuelStarterDuelButton": "Start Duel",
    "CustomTextDuelStarterPveOrPvpTitle": "Duel",
    "CustomTextDuelStarterPveOrPvpText": "Duel Room or Duel Starter?",
    "CustomTextDuelStarterPveOrPvpTextBtnPvP": "Duel Room (PvP)",
    "CustomTextDuelStarterPveOrPvpTextBtnPvE": "Duel Starter (PvE)",    
    "CustomTextDuelStarterDecks": "Decks",
    "CustomTextDuelStarterDeck": "Deck",
    "CustomTextDuelStarterLoadDeckFrom": "Load deck from",
    "CustomTextDuelStarterLoadDeckFromGame": "Game",
    "CustomTextDuelStarterLoadDeckFromFile": "File",
    "CustomTextDuelStarterLoadDeckFromFolder": "Folder (random deck)",
    "CustomTextDuelStarterSettings": "Settings",
    "CustomTextDuelStarterStartingPlayer": "Starting player",
    "CustomTextDuelStarterLifePoints": "Life points",
    "CustomTextDuelStarterHand": "Hand",
    "CustomTextDuelStarterField": "Field",
    "CustomTextDuelStarterDuelType": "Duel type",
    "CustomTextDuelStarterAdvancedSettings": "Advanced settings",
    "CustomTextDuelStarterSeed": "Seed",
    "CustomTextDuelStarterShuffle": "Shuffle",
    "CustomTextDuelStarterCpu": "Cpu",
    "CustomTextDuelStarterCpuFlag": "CpuFlag",
    "CustomTextDuelStarterLimit": "Limit",
    "CustomTextDuelStarterBGM": "BGM",
    "CustomTextDuelStarterBGM1": "BGM1",
    "CustomTextDuelStarterBGM2": "BGM2",
    "CustomTextDuelStarterBGM3": "BGM3",
    "CustomTextDuelStarterP1": "P1",
    "CustomTextDuelStarterPlayer": "Player",
    "CustomTextDuelStarterCPU": "CPU",
    "CustomTextDuelStarterLP1": "LP1",
    "CustomTextDuelStarterLP2": "LP2",
    "CustomTextDuelStarterHand1": "Hand1",
    "CustomTextDuelStarterHand2": "Hand2",
    "CustomTextDuelStarterSleeve1": "Sleeve1",
    "CustomTextDuelStarterSleeve2": "Sleeve2",
    "CustomTextDuelStarterField1": "Field1",
    "CustomTextDuelStarterField2": "Field2",
    "CustomTextDuelStarterFieldPart1": "FieldPart1",
    "CustomTextDuelStarterFieldPart2": "FieldPart2",
    "CustomTextDuelStarterMate1": "Mate1",
    "CustomTextDuelStarterMate2": "Mate2",
    "CustomTextDuelStarterMateBase1": "MateBase1",
    "CustomTextDuelStarterMateBase2": "MateBase2",
    "CustomTextDuelStarterIcon1": "Icon1",
    "CustomTextDuelStarterIcon2": "Icon2",
    "CustomTextDuelStarterIconFrame1": "IconFrame1",
    "CustomTextDuelStarterIconFrame2": "IconFrame2",
    "CustomTextDuelStarterLoadSave": "Load / Save",
    "CustomTextDuelStarterLoadIncludingDecks": "Load (including decks)",
    "CustomTextDuelStarterLoad": "Load",
    "CustomTextDuelStarterSave": "Save",
    "CustomTextDuelStarterExta": "Extra",
    "CustomTextDuelStarterOpenDeckEditor": "Open deck editor",
    "CustomTextDuelStarterClearSelectedDecks": "Clear selected decks",
    "CustomTextDuelStarterP1DuelField": "P1's duel field",
    "CustomTextDuelStarterP2DuelField": "P2's duel field",
    
    "CustomTextHomeSubMenuLoadReplays": "Load replays",
    "CustomTextHomeSubMenuLoadReplaysAsOpponent": "Load replays (as opponent)",
    
    "CustomTextDeckEditLoadFromClipboard": "From clipboard (YDKe / YDK / JSON / TXT)",
    "CustomTextDeckEditToClipboard": "To clipboard (YDKe)",
    "CustomTextDeckEditLoadFile": "Load file",
    "CustomTextDeckEditSaveFile": "Save file",
    "CustomTextDeckEditOpenDecksFolder": "Open decks folder",
    "CustomTextDeckEditClearDeck": "Clear deck",
    "CustomTextDeckEditCardCollectionStats": "Card collection stats",
    "CustomTextDeckEditBanner": "{NumOwnedCards} / {NumCards} owned ({NumFilteredCards} filtered)",
    "CustomTextDeckEditBannerTrading": "{NumOwnedCards} / {NumCards} owned ({NumFilteredCards} filtered)\n{ActiveCollection}",
    "CustomTextDeckEditTextParseBadRows": "Failed to rows",
    "CustomTextDeckEditTextParseBadRow": "Failed to find name / quantity for row",
    "CustomTextDeckEditTextParseBadColumns": "Failed to find name / quantity columns",
    "CustomTextDeckEditTextParseFailed": "Failed to copy {numFailed} items. Text has been copied to the clipboard.\n\n{failedSb}",
    "CustomTextDeckEditLoadCardDataFailed": "Failed to load card data",
    "CustomTextDeckEditClearDeckConfirm": "Are you sure you want to clear the deck?",
    "CustomTextDeckEditFolderNotFound": "Failed to find / create decks folder",
    
    "CustomTextCardStatsTitle": "Card collection info",
    "CustomTextCardStatsOwnedTotal": "Owned total: ",
    "CustomTextCardStatsCardPool": "[Card pool]",
    "CustomTextCardStatsTotal": "Total: ",
    "CustomTextCardStatsN": "N: ",
    "CustomTextCardStatsR": "R: ",
    "CustomTextCardStatsSR": "SR: ",
    "CustomTextCardStatsUR": "UR: ",
    "CustomTextCardStatsOwned1x": "[Owned cards (1x)]",
    "CustomTextCardStatsOwned3x": "[Owned cards (up to 3x)]",
    "CustomTextCardStatsOwned3xEx": "[Extra cards (over 3x)]",
    "CustomTextCardStatsNormal": "Normal: ",
    "CustomTextCardStatsShine": "Shine: ",
    "CustomTextCardStatsRoyal": "Royal: ",
    "CustomTextCardStatsRarity1x": "[Rarity (1x)]",
    "CustomTextCardStatsRarity3x": "[Rarity (up to 3x)]",
    "CustomTextCardStatsRarity3xEx": "[Rarity (over 3x)]",
    "CustomTextCardStatsIndex": "======== Index ========\n- \"Card pool\" is all cards in the game\n- \"Owned cards (1x)\" is all cards you own capped to 1x per card\n- \"Owned cards (up to 3x)\" is all cards you own capped to 3x per card\n- \"Extra cards (over 3x)\" is all cards you own over 3x (excludes the first 3x)\n- \"Rarity (1x)\" is all rarities you own capped to 1x per card\n- \"Rarity (up to 3x)\" is all rarities you own capped to 3x per card\n- \"Rarity (over 3x)\" is all rarities you own over 3x (excludes the first 3x)",
    
    "CustomTextProfileTradeButton": "Trade",
    "CustomTextTradeBannerAlreadyTrading": "{name} ({code}) is in another trading room",
    "CustomTextTradeBannerEnterTrade": "{name} ({code}) entered the trading room",
    "CustomTextTradeBannerLeaveTrade": "{name} ({code}) left the trading room",
    "CustomtextTradeMyEntireCollection": "My entire collection",
    "CustomtextTradeMyTradableCollection": "My tradable collection",
    "CustomtextTradeTheirEntireCollection": "Their entire collection",
    "CustomtextTradeTheirTradableCollection": "Their tradable collection",
    "CustomTextTradeDialogTitle": "Trade",
    "CustomTextTradeComplete": "Trade complete",
    "CustomTextTradeFailed": "Trade failed",
    "CustomTextTradeWaiting": "Waiting...",
    "CustomTextTradeWait": "Wait",
    "CustomTextTradeCancel": "Cancel",
    "CustomTextTradeCanTrade": "Trade",
    "CustomTextTradeCanTradePartnerReady": "Trade!!!",
    
    "CustomTextDuelInvite": "{name} ({code}) sent you a duel invite",
    
    "CustomTextEmotesListHeader": "Emotes",

    "CustomTextDuelSettingsDefaultNamePlayer": "Duelist",
    "CustomTextDuelSettingsDefaultNameCPU": "CPU",

    "CustomTextFileLoadErrorEx": "How to fix this error:\ngithub.com/pixeltris/YgoMaster/blob/master/Docs/FileLoadError.md\n\n",
}