{
    "BaseIP": "localhost",
    "BasePort": 4989,
    "SessionServerPort": 4988,
    "SessionServerIP": "{BaseIP}",
    "ServerUrl": "http://localhost:{ProxyPort}/ygo",
    "ServerPollUrl": "http://localhost:{ProxyPort}/ygo/poll",
    "MultiplayerToken": "",// [WARNING] Only use this if you know what you're doing
    "MultiplayerPingTimeoutInSeconds": 90,
    "MultiplayerConnectDelayInSeconds": 10,
    "MultiplayerNoDelay": true,
    "MultiplayerLogConnectionState": false,
    "ClientSettingsTextFile": "Text/ClientSettings.en.json",
    "ShowConsole": false,
    "LogIDs": false,
    "AssetHelperLog": false,
    "AssetHelperDump": false,
    "AssetHelperDisableFileErrorPopup": false,
    "DeckEditorDisableLimits": false,
    "DeckEditorConvertStyleRarity": true,
    "DeckEditorShowStats": true,
    "DeckEditorDisableSorting": false,// NOTE: Only use for testing specific card draws. This isn't implemented properly and breaks normal deck editor functionality
    "DuelStarterShowFirstPlayer": true,
    "DuelStarterLiveChapterId": 10002,
    "DuelStarterShowAllBgms": false,
    "DuelClientShowRemainingCardsInDeck": false,
    "DuelClientMillenniumEye": false,
    "DuelClientDisableCameraShake": false,
    "DuelClientDisableCutinAnimations": false,
    "DuelClientDisableCutinAnimationsForCardsWithCustomImages": true,
    "DuelClientSpectatorRapidTimeMultiplayer": 10,// Time multiplier applied when spectating duels "From now" as opposed to "From the Beginning" (used until the first time LIVE is displayed)
    "DuelClientTimeMultiplier": 0,// Time multiplier applied during duels (a value of 0 means no change)
    "ReplayControlsAlwaysEnabled": false,
    "ReplayControlsTimeMultiplier": 0,// Time multiplier applied when pressing fast forward on the replay controls (a value of 0 means no change)
    "TimeMultiplier": 0,// Time multiplier applied at all times (a value of 0 means no change)
    "DisableVSync": false,// Disables vsync. Might be required to use the time multipliers on some systems (NOTE: Disabling vsync in your GPU control panel is required regardless of this setting)
    "ChangeWindowTitleOnLiveMod": true,
    "RandomDecksNonRecursive": false,
    "RandomDecksDontSetCpuName": false,
    "DuelReplayCardVisibility": "FrontOpen",// "AllClose", "FrontOpen", "AllOpen"
    "DuelReplayLiveAutoSave": false,
    "DuelReplayLiveAutoSaveUseSubFolders": true,
    "DuelReplayAddHomeSubMenuButtons": false,
    "TradeBannerVisibleTimeInSeconds": 5.0,
    "TradeBannerOffsetY": -500,
    "TradeActionDelayInSeconds": 3.0,
    "PvpLogToConsole": false,
    "PvpLogToFile": false,
    "PvpDuelTapSyncEnabled": true,
    "EmoteDurationInSeconds": 4.0,
    "LaunchMode": "Detours",
    "BrokenItems": [],
    "UnityPlayerRVA_AudioClip_CUSTOM_Construct_Internal": 1915296,
    "UnityPlayerRVA_AudioClip_CUSTOM_CreateUserSound": 1915696,
    "UnityPlayerRVA_AudioClip_CUSTOM_SetData": 1913984,
    "UnityPlayerRVA_DownloadHandlerTexture_CUSTOM_Create": 3060352,
    "UnityPlayerRVA_DownloadHandlerTexture_CUSTOM_InternalGetTextureNative": 3060736,
    "DisableAsyncImageLoad": false,
    "WallpaperDisabled": false,
    "WallpaperCycleEnabled": false,
    "WallpaperCycleOnEveryHomeVisit": true,
    "WallpaperCycleDelayInSeconds": 60,
    "WallpaperCycleFadeWaitInSeconds": 0.2,
    "CustomBackgroundEnabled": false,
    "CustomBackgroundBehindParticles": false,
    "CustomBackgroundFadeHideInSeconds": 0.2,
    "CustomBackgroundFadeShowInSeconds": 0.5,
    "HomeDisableUnusedHeaders": true,
    "HomeDisableUnusedBanners": true,
    "HomeDisableUnusedTopics": true,
    "DontAutoRunServerExe": false,
}